RGB Hex,HSL,RGB
#30123b,"hsl(284,53%,15%)","rgb(48,18,59)"
#32184a,"hsl(271,51%,19%)","rgb(50,24,74)"
#36215f,"hsl(260,48%,25%)","rgb(54,33,95)"
#38266c,"hsl(255,48%,29%)","rgb(56,38,108)"
#3b2f7f,"hsl(249,46%,34%)","rgb(59,47,127)"
#3c358b,"hsl(245,45%,38%)","rgb(60,53,139)"
#3f3d9c,"hsl(241,44%,43%)","rgb(63,61,156)"
#4145ab,"hsl(238,45%,46%)","rgb(65,69,171)"
#424bb5,"hsl(235,47%,48%)","rgb(66,75,181)"
#4353c2,"hsl(232,51%,51%)","rgb(67,83,194)"
#4458cb,"hsl(231,56%,53%)","rgb(68,88,203)"
#4560d6,"hsl(229,64%,55%)","rgb(69,96,214)"
#4668e0,"hsl(227,71%,58%)","rgb(70,104,224)"
#466de6,"hsl(225,76%,59%)","rgb(70,109,230)"
#4675ed,"hsl(223,82%,60%)","rgb(70,117,237)"
#467af2,"hsl(222,87%,61%)","rgb(70,122,242)"
#4682f8,"hsl(220,93%,62%)","rgb(70,130,248)"
#4587fb,"hsl(218,96%,63%)","rgb(69,135,251)"
#438efd,"hsl(216,98%,63%)","rgb(67,142,253)"
#4096fe,"hsl(213,99%,62%)","rgb(64,150,254)"
#3e9bfe,"hsl(211,99%,62%)","rgb(62,155,254)"
#39a2fc,"hsl(208,97%,61%)","rgb(57,162,252)"
#36a8f9,"hsl(205,94%,59%)","rgb(54,168,249)"
#31aff5,"hsl(201,91%,58%)","rgb(49,175,245)"
#2bb6ef,"hsl(197,86%,55%)","rgb(43,182,239)"
#28bbeb,"hsl(195,83%,54%)","rgb(40,187,235)"
#23c2e4,"hsl(191,78%,52%)","rgb(35,194,228)"
#20c6df,"hsl(188,75%,50%)","rgb(32,198,223)"
#1ccdd7,"hsl(183,77%,48%)","rgb(28,205,215)"
#1ad1d2,"hsl(180,78%,46%)","rgb(26,209,210)"
#18d7ca,"hsl(176,80%,47%)","rgb(24,215,202)"
#17dcc2,"hsl(172,81%,48%)","rgb(23,220,194)"
#18e0bd,"hsl(170,81%,49%)","rgb(24,224,189)"
#1ae4b6,"hsl(166,80%,50%)","rgb(26,228,182)"
#1de7b1,"hsl(164,81%,51%)","rgb(29,231,177)"
#22eba9,"hsl(160,83%,53%)","rgb(34,235,169)"
#29eea0,"hsl(156,85%,55%)","rgb(41,238,160)"
#2ff09a,"hsl(153,87%,56%)","rgb(47,240,154)"
#38f491,"hsl(148,90%,59%)","rgb(56,244,145)"
#3ff58a,"hsl(145,90%,60%)","rgb(63,245,138)"
#4af880,"hsl(139,93%,63%)","rgb(74,248,128)"
#55fa76,"hsl(132,94%,66%)","rgb(85,250,118)"
#5dfb6f,"hsl(127,95%,67%)","rgb(93,251,111)"
#69fd65,"hsl(118,97%,69%)","rgb(105,253,101)"
#71fd5f,"hsl(113,98%,68%)","rgb(113,253,95)"
#7cfe56,"hsl(106,99%,67%)","rgb(124,254,86)"
#84fe50,"hsl(102,99%,65%)","rgb(132,254,80)"
#8efe48,"hsl(97,99%,64%)","rgb(142,254,72)"
#98fe42,"hsl(93,99%,63%)","rgb(152,254,66)"
#9efd3e,"hsl(90,98%,62%)","rgb(158,253,62)"
#a6fb3a,"hsl(86,96%,61%)","rgb(166,251,58)"
#acfa37,"hsl(84,95%,60%)","rgb(172,250,55)"
#b3f835,"hsl(81,93%,59%)","rgb(179,248,53)"
#bbf434,"hsl(78,90%,58%)","rgb(187,244,52)"
#c0f233,"hsl(76,88%,57%)","rgb(192,242,51)"
#c8ee33,"hsl(72,85%,57%)","rgb(200,238,51)"
#cdeb34,"hsl(70,82%,56%)","rgb(205,235,52)"
#d4e735,"hsl(66,79%,56%)","rgb(212,231,53)"
#d8e335,"hsl(64,76%,55%)","rgb(216,227,53)"
#dfde36,"hsl(60,73%,54%)","rgb(223,222,54)"
#e5d838,"hsl(55,77%,56%)","rgb(229,216,56)"
#e8d538,"hsl(54,79%,56%)","rgb(232,213,56)"
#edcf39,"hsl(50,83%,58%)","rgb(237,207,57)"
#f0cb3a,"hsl(48,86%,58%)","rgb(240,203,58)"
#f4c43a,"hsl(45,89%,59%)","rgb(244,196,58)"
#f8be39,"hsl(42,93%,60%)","rgb(248,190,57)"
#f9ba38,"hsl(40,94%,60%)","rgb(249,186,56)"
#fbb336,"hsl(38,96%,60%)","rgb(251,179,54)"
#fcae34,"hsl(37,97%,60%)","rgb(252,174,52)"
#fda631,"hsl(34,98%,59%)","rgb(253,166,49)"
#fe9e2e,"hsl(32,99%,59%)","rgb(254,158,46)"
#fe982c,"hsl(31,99%,58%)","rgb(254,152,44)"
#fd8f28,"hsl(29,98%,57%)","rgb(253,143,40)"
#fc8926,"hsl(28,97%,57%)","rgb(252,137,38)"
#fb8022,"hsl(26,96%,56%)","rgb(251,128,34)"
#fa7a1f,"hsl(25,96%,55%)","rgb(250,122,31)"
#f7711b,"hsl(23,93%,54%)","rgb(247,113,27)"
#f56817,"hsl(22,92%,53%)","rgb(245,104,23)"
#f36315,"hsl(21,90%,52%)","rgb(243,99,21)"
#ef5a11,"hsl(20,87%,50%)","rgb(239,90,17)"
#ed550f,"hsl(19,88%,49%)","rgb(237,85,15)"
#e94d0d,"hsl(17,89%,48%)","rgb(233,77,13)"
#e5460a,"hsl(16,92%,47%)","rgb(229,70,10)"
#e24209,"hsl(16,92%,46%)","rgb(226,66,9)"
#dd3c07,"hsl(15,94%,45%)","rgb(221,60,7)"
#d93806,"hsl(14,95%,44%)","rgb(217,56,6)"
#d43205,"hsl(13,95%,43%)","rgb(212,50,5)"
#d02f04,"hsl(13,96%,42%)","rgb(208,47,4)"
#c92903,"hsl(12,97%,40%)","rgb(201,41,3)"
#c32402,"hsl(11,98%,39%)","rgb(195,36,2)"
#be2102,"hsl(10,98%,38%)","rgb(190,33,2)"
#b61c01,"hsl(9,99%,36%)","rgb(182,28,1)"
#b11901,"hsl(8,99%,35%)","rgb(177,25,1)"
#a91501,"hsl(7,99%,33%)","rgb(169,21,1)"
#a01101,"hsl(6,99%,32%)","rgb(160,17,1)"
#9a0e01,"hsl(5,99%,30%)","rgb(154,14,1)"
#910b01,"hsl(4,99%,29%)","rgb(145,11,1)"
#8b0901,"hsl(3,99%,27%)","rgb(139,9,1)"
#810602,"hsl(2,97%,26%)","rgb(129,6,2)"
#7a0402,"hsl(1,97%,24%)","rgb(122,4,2)"
